[
  {
    "name": "Орхон аймгийн БОЭТ",
    "city": "Орхон",
    "insurance_contract": true,
    "address": "Орхон аймаг, 3-р баг",
    "phone": "7032-2222"
  },
  {
    "name": "УБ Сонгдо",
    "city": "Улаанбаатар",
    "insurance_contract": true,
    "address": "Улаанбаатар, Сүхбаатар дүүрэг, 1-р хороо",
    "phone": "7711-1111"
  },
  {
    "name": "Шастины нэрэмжит төв эмнэлэг",
    "city": "Улаанбаатар",
    "insurance_contract": false,
    "address": "Улаанбаатар, Баянзүрх дүүрэг, 6-р хороо",
    "phone": "7612-3456"
  },
  {
    "name": "Гранд Мед Эмнэлэг",
    "city": "Улаанбаатар",
    "insurance_contract": true,
    "address": "Улаанбаатар, Сүхбаатар дүүрэг, 8-р хороо",
    "phone": "7701-2345"
  },
  {
    "name": "Улсын 1-р төв эмнэлэг",
    "city": "Улаанбаатар",
    "insurance_contract": true,
    "address": "Улаанбаатар, Баянгол дүүрэг, 2-р хороо",
    "phone": "7511-2222"
  },
  {
    "name": "Улсын 2-р төв эмнэлэг",
    "city": "Улаанбаатар",
    "insurance_contract": true,
    "address": "Улаанбаатар, Баянзүрх дүүрэг, 4-р хороо",
    "phone": "7611-3333"
  },
  {
    "name": "Улсын 3-р төв эмнэлэг",
    "city": "Улаанбаатар",
    "insurance_contract": true,
    "address": "Улаанбаатар, Баянзүрх дүүрэг, 4-р хороо",
    "phone": "7611-4444"
  },
  {
    "name": "Ач Эмнэлэг",
    "city": "Улаанбаатар",
    "insurance_contract": true,
    "address": "Улаанбаатар, Сүхбаатар дүүрэг, 5-р хороо",
    "phone": "7516-5678"
  },
  {
    "name": "УНТЭ",
    "city": "Улаанбаатар",
    "insurance_contract": true,
    "address": "Улаанбаатар, Сүхбаатар дүүрэг, 1-р хороо",
    "phone": "7717-8888"
  },
  {
    "name": "Увс аймгийн нэгдсэн эмнэлэг",
    "city": "Увс",
    "insurance_contract": true,
    "address": "Увс аймаг, Улаангом сум",
    "phone": "7452-2222"
  }
]