[
    {
        "icd10_code": "A15",
        "icd10_name": "Бактерсудлал ба эдсудлалаар батлагдсан амьсгалын эрхтэний сүрьеэ",
        "tablet_id": 5880,
        "tablet_name_mon": "АМОКСИЦИЛЛИН +КЛАВУЛОНЫ ХҮЧИЛ",
        "tablet_name_sales": "АМОКСИКЛАВ",
        "unit_price": 1500.0,
        "unit_discount": 750.0
    },
    {
        "icd10_code": "A15",
        "icd10_name": "Бактерсудлал ба эдсудлалаар батлагдсан амьсгалын эрхтэний сүрьеэ",
        "tablet_id": 5881,
        "tablet_name_mon": "АМОКСИЦИЛЛИН +КЛАВУЛОНЫ ХҮЧИЛ",
        "tablet_name_sales": "КЛАВОМИД 375",
        "unit_price": 1000.0,
        "unit_discount": 500.0
    },
    {
        "icd10_code": "A15",
        "icd10_name": "Бактерсудлал ба эдсудлалаар батлагдсан амьсгалын эрхтэний сүрьеэ",
        "tablet_id": 5882,
        "tablet_name_mon": "АМОКСИЦИЛЛИН +КЛАВУЛОНЫ ХҮЧИЛ",
        "tablet_name_sales": "КМОКСИЛИН",
        "unit_price": 1000.0,
        "unit_discount": 500.0
    },
    {
        "icd10_code": "A15",
        "icd10_name": "Бактерсудлал ба эдсудлалаар батлагдсан амьсгалын эрхтэний сүрьеэ",
        "tablet_id": 5883,
        "tablet_name_mon": "АМОКСИЦИЛЛИН +КЛАВУЛОНЫ ХҮЧИЛ",
        "tablet_name_sales": "МОКСИКЛАВ",
        "unit_price": 1390.0,
        "unit_discount": 695.0
    },
    {
        "icd10_code": "A15",
        "icd10_name": "Бактерсудлал ба эдсудлалаар батлагдсан амьсгалын эрхтэний сүрьеэ",
        "tablet_id": 5884,
        "tablet_name_mon": "АМОКСИЦИЛЛИН +КЛАВУЛОНЫ ХҮЧИЛ",
        "tablet_name_sales": "АМОКСИКЛАВ",
        "unit_price": 2000.0,
        "unit_discount": 1000.0
    },
    {
        "icd10_code": "A15",
        "icd10_name": "Бактерсудлал ба эдсудлалаар батлагдсан амьсгалын эрхтэний сүрьеэ",
        "tablet_id": 5885,
        "tablet_name_mon": "АМОКСИЦИЛЛИН +КЛАВУЛОНЫ ХҮЧИЛ",
        "tablet_name_sales": "АУГМЕНТИН",
        "unit_price": 2200.0,
        "unit_discount": 660.0
    },
    {
        "icd10_code": "A15",
        "icd10_name": "Бактерсудлал ба эдсудлалаар батлагдсан амьсгалын эрхтэний сүрьеэ",
        "tablet_id": 5886,
        "tablet_name_mon": "АМОКСИЦИЛЛИН +КЛАВУЛОНЫ ХҮЧИЛ",
        "tablet_name_sales": "БЕТАКЛАВ",
        "unit_price": 1320.0,
        "unit_discount": 660.0
    },
    {
        "icd10_code": "A15",
        "icd10_name": "Бактерсудлал ба эдсудлалаар батлагдсан амьсгалын эрхтэний сүрьеэ",
        "tablet_id": 5887,
        "tablet_name_mon": "АМОКСИЦИЛЛИН +КЛАВУЛОНЫ ХҮЧИЛ",
        "tablet_name_sales": "ВИГЕНТИН",
        "unit_price": 1200.0,
        "unit_discount": 600.0
    },
    {
        "icd10_code": "A15",
        "icd10_name": "Бактерсудлал ба эдсудлалаар батлагдсан амьсгалын эрхтэний сүрьеэ",
        "tablet_id": 5888,
        "tablet_name_mon": "АМОКСИЦИЛЛИН +КЛАВУЛОНЫ ХҮЧИЛ",
        "tablet_name_sales": "КЛАВОМИД 625",
        "unit_price": 1100.0,
        "unit_discount": 550.0
    },
    {
        "icd10_code": "A15",
        "icd10_name": "Бактерсудлал ба эдсудлалаар батлагдсан амьсгалын эрхтэний сүрьеэ",
        "tablet_id": 5889,
        "tablet_name_mon": "АМОКСИЦИЛЛИН +КЛАВУЛОНЫ ХҮЧИЛ",
        "tablet_name_sales": "КМОКСИЛИН",
        "unit_price": 1100.0,
        "unit_discount": 550.0
    }
]